{"train/kld_loss":0.008828645572066307,"train/steps":3000,"train/l1_loss":0.2135634869337082,"train/loss":0.31403866976499556,"train/episodes":573.053829137259,"_wandb":{"runtime":2220},"_step":3000,"train/epochs":6.741809754555988,"train/dataloading_s":0.018104794030077757,"train/samples":192000,"train/lr":1.0000000000000021e-05,"_timestamp":1.766347511550473e+09,"train/grad_norm":15.4323002243042,"train/update_s":0.52843411157839,"_runtime":2220.569961242}